"Date","Price","Open","High","Low","Vol.","Change %"
"23-08-2024","14,540.00","15,290.00","15,290.00","14,400.00","6.18K","-4.34%"
"22-08-2024","15,200.00","15,022.00","15,380.00","15,050.00","2.69K","0.21%"
"21-08-2024","15,168.00","16,030.00","16,030.00","15,126.00","7.67K","-3.55%"
"20-08-2024","15,726.00","15,800.00","15,800.00","15,690.00","0.88K","-0.24%"
"19-08-2024","15,764.00","15,620.00","15,848.00","15,620.00","0.55K","1.35%"
"16-08-2024","15,554.00","15,100.00","15,698.00","14,920.00","6.52K","2.26%"
"14-08-2024","15,210.00","15,522.00","15,602.00","15,134.00","4.85K","-1.81%"
"13-08-2024","15,490.00","15,550.00","15,708.00","15,450.00","2.63K","-0.65%"
"12-08-2024","15,592.00","15,620.00","15,800.00","15,136.00","3.93K","-1.10%"
"09-08-2024","15,766.00","15,900.00","15,948.00","15,710.00","2.48K","-0.63%"
"08-08-2024","15,866.00","15,794.00","16,080.00","15,780.00","3.87K","-0.06%"
"07-08-2024","15,876.00","15,874.00","15,990.00","15,770.00","2.82K","0.48%"
"06-08-2024","15,800.00","15,850.00","15,958.00","15,620.00","2.21K","-0.35%"
"05-08-2024","15,856.00","16,100.00","16,288.00","15,812.00","2.53K","-1.49%"
"02-08-2024","16,096.00","16,090.00","16,270.00","15,904.00","2.08K","0.60%"
"01-08-2024","16,000.00","15,832.00","16,074.00","15,782.00","1.65K","0.90%"
"31-07-2024","15,858.00","15,534.00","16,240.00","15,534.00","3.36K","2.11%"
"30-07-2024","15,530.00","15,562.00","15,788.00","14,970.00","2.41K","-0.40%"
"29-07-2024","15,592.00","15,848.00","15,848.00","15,560.00","1.24K","-0.81%"
"26-07-2024","15,720.00","15,742.00","15,894.00","15,640.00","1.42K","-0.18%"
"25-07-2024","15,748.00","15,888.00","15,976.00","15,702.00","1.11K","-1.56%"
"24-07-2024","15,998.00","16,000.00","16,160.00","15,844.00","1.49K","0.38%"
"23-07-2024","15,938.00","16,100.00","16,130.00","15,690.00","2.19K","-0.69%"
"22-07-2024","16,048.00","15,950.00","16,466.00","15,936.00","2.23K","1.08%"
"19-07-2024","15,876.00","16,080.00","16,080.00","15,800.00","1.67K","-2.11%"
"18-07-2024","16,218.00","15,800.00","16,530.00","15,790.00","4.88K","3.04%"
"16-07-2024","15,740.00","15,492.00","15,798.00","15,492.00","1.40K","1.61%"
"15-07-2024","15,490.00","15,988.00","16,188.00","15,050.00","3.95K","-2.74%"
"12-07-2024","15,926.00","16,070.00","16,070.00","15,770.00","1.79K","-1.15%"
"11-07-2024","16,112.00","15,510.00","16,198.00","15,510.00","4.42K","3.99%"
"10-07-2024","15,494.00","15,420.00","15,576.00","15,280.00","3.23K","0.28%"
"09-07-2024","15,450.00","15,260.00","15,564.00","15,100.00","2.85K","1.34%"
"08-07-2024","15,246.00","15,770.00","15,832.00","14,950.00","5.82K","-3.85%"
"05-07-2024","15,856.00","16,102.00","16,206.00","15,756.00","2.63K","-1.87%"
"04-07-2024","16,158.00","16,170.00","16,318.00","15,948.00","3.88K","-0.06%"
"03-07-2024","16,168.00","16,440.00","16,644.00","16,100.00","2.91K","-1.68%"
"02-07-2024","16,444.00","16,150.00","16,480.00","16,006.00","3.30K","1.90%"
"01-07-2024","16,138.00","16,900.00","16,900.00","15,930.00","6.75K","-4.64%"
"28-06-2024","16,924.00","17,390.00","17,452.00","16,850.00","3.03K","-2.79%"
"27-06-2024","17,410.00","17,462.00","17,776.00","17,242.00","4.22K","-0.58%"
"26-06-2024","17,512.00","17,400.00","17,590.00","17,270.00","2.53K","0.59%"
"25-06-2024","17,410.00","17,288.00","17,480.00","17,010.00","2.30K","1.03%"
"24-06-2024","17,232.00","17,052.00","17,400.00","16,802.00","2.79K","-0.82%"
"21-06-2024","17,374.00","18,150.00","18,150.00","17,106.00","5.49K","-2.94%"
"20-06-2024","17,900.00","17,900.00","17,900.00","17,900.00","0.01K","-1.85%"
"19-06-2024","18,238.00","18,238.00","18,238.00","18,238.00","","1.51%"
"18-06-2024","17,966.00","18,096.00","18,096.00","17,900.00","0.09K","3.10%"
"14-06-2024","17,426.00","17,608.00","17,608.00","17,326.00","0.06K","0.02%"
"13-06-2024","17,422.00","17,206.00","17,544.00","17,150.00","4.15K","0.81%"
"12-06-2024","17,282.00","17,276.00","17,580.00","17,052.00","4.59K","-0.17%"
"11-06-2024","17,312.00","17,192.00","17,816.00","17,050.00","2.24K","1.05%"
"10-06-2024","17,132.00","17,300.00","17,620.00","17,020.00","3.70K","-1.03%"
"07-06-2024","17,310.00","17,332.00","17,552.00","17,036.00","2.40K","-0.12%"
"06-06-2024","17,330.00","17,306.00","17,402.00","17,076.00","1.62K","0.50%"
"05-06-2024","17,244.00","16,750.00","17,800.00","16,368.00","5.08K","2.62%"
"04-06-2024","16,804.00","17,200.00","17,352.00","16,548.00","3.37K","-2.51%"
"03-06-2024","17,236.00","17,796.00","17,994.00","17,098.00","3.89K","-2.10%"
"31-05-2024","17,606.00","17,712.00","18,084.00","17,450.00","5.36K","-1.49%"
"30-05-2024","17,872.00","18,800.00","18,848.00","17,548.00","4.21K","-4.25%"
"29-05-2024","18,666.00","18,270.00","18,880.00","18,222.00","3.79K","0.10%"
"28-05-2024","18,648.00","19,752.00","19,888.00","18,648.00","7.22K","-6.00%"
"27-05-2024","19,838.00","20,214.00","20,430.00","19,708.00","5.88K","-0.67%"
"24-05-2024","19,972.00","19,278.00","20,172.00","19,200.00","4.81K","2.96%"
"23-05-2024","19,398.00","19,900.00","20,000.00","19,346.00","4.15K","-1.27%"
"22-05-2024","19,648.00","19,170.00","19,986.00","18,726.00","8.32K","3.67%"
"21-05-2024","18,952.00","18,040.00","18,952.00","18,040.00","6.46K","6.00%"
"17-05-2024","17,880.00","17,962.00","18,300.00","17,604.00","3.93K","-0.60%"
"16-05-2024","17,988.00","18,198.00","18,310.00","17,902.00","2.88K","-0.95%"
"15-05-2024","18,160.00","17,692.00","18,450.00","17,692.00","3.91K","1.37%"
"14-05-2024","17,914.00","18,276.00","18,366.00","17,754.00","5.06K","-1.89%"
"13-05-2024","18,260.00","18,418.00","18,696.00","18,180.00","2.25K","-2.34%"
"10-05-2024","18,698.00","18,794.00","18,872.00","18,000.00","4.32K","-0.17%"
"09-05-2024","18,730.00","18,802.00","18,950.00","18,630.00","1.91K","-0.78%"
"08-05-2024","18,878.00","18,402.00","19,100.00","18,150.00","4.16K","2.20%"
"07-05-2024","18,472.00","18,334.00","18,564.00","18,200.00","2.04K","0.39%"
"06-05-2024","18,400.00","18,648.00","18,648.00","18,132.00","3.37K","-2.29%"
"03-05-2024","18,832.00","19,350.00","19,378.00","18,740.00","3.70K","-1.68%"
"02-05-2024","19,154.00","19,400.00","19,488.00","18,960.00","4.19K","-0.30%"
"30-04-2024","19,212.00","18,998.00","19,320.00","18,824.00","1.91K","1.21%"
"29-04-2024","18,982.00","19,270.00","19,400.00","18,640.00","3.55K","-0.25%"
"26-04-2024","19,030.00","19,400.00","19,580.00","18,940.00","3.48K","-0.27%"
"25-04-2024","19,082.00","19,350.00","19,516.00","18,224.00","5.41K","-1.57%"
"24-04-2024","19,386.00","19,810.00","20,174.00","18,980.00","6.49K","-0.87%"
"23-04-2024","19,556.00","18,550.00","19,688.00","18,548.00","6.91K","5.29%"
"22-04-2024","18,574.00","18,220.00","18,902.00","18,220.00","3.22K","12.88%"
"19-04-2024","16,454.00","16,454.00","16,454.00","16,454.00","0.05K","0.00%"
"18-04-2024","16,454.00","16,454.00","16,454.00","16,454.00","0.02K","0.00%"
"16-04-2024","16,454.00","16,298.00","16,598.00","16,298.00","0.14K","2.95%"
"15-04-2024","15,982.00","16,000.00","16,038.00","15,930.00","0.47K","2.15%"
"12-04-2024","15,646.00","16,050.00","16,084.00","15,590.00","4.39K","-4.14%"
"10-04-2024","16,322.00","16,600.00","16,600.00","16,264.00","2.64K","-1.67%"
"09-04-2024","16,600.00","16,786.00","16,830.00","16,462.00","2.19K","-1.23%"
"08-04-2024","16,806.00","17,040.00","17,040.00","16,630.00","2.17K","-0.06%"
"05-04-2024","16,816.00","16,758.00","16,950.00","16,532.00","3.11K","0.18%"
"04-04-2024","16,786.00","16,874.00","17,036.00","16,624.00","3.05K","-0.25%"
"03-04-2024","16,828.00","16,640.00","16,948.00","16,640.00","3.25K","1.72%"
"02-04-2024","16,544.00","16,554.00","16,700.00","16,090.00","5.65K","0.05%"
"01-04-2024","16,536.00","17,150.00","17,150.00","16,324.00","4.45K","-3.51%"
"28-03-2024","17,138.00","17,492.00","17,580.00","16,800.00","3.73K","-1.62%"
"27-03-2024","17,420.00","17,450.00","17,758.00","17,234.00","1.76K","-0.26%"
"26-03-2024","17,466.00","17,618.00","18,186.00","17,222.00","3.57K","-0.13%"
"22-03-2024","17,488.00","16,798.00","17,748.00","16,510.00","6.53K","4.36%"
"21-03-2024","16,758.00","17,920.00","17,950.00","16,672.00","9.98K","-5.51%"
"20-03-2024","17,736.00","17,580.00","17,980.00","17,422.00","3.42K","1.27%"
"19-03-2024","17,514.00","17,518.00","17,700.00","17,090.00","3.49K","-0.17%"
"18-03-2024","17,544.00","17,800.00","18,050.00","17,062.00","4.82K","-0.60%"
"15-03-2024","17,650.00","18,670.00","18,798.00","17,620.00","5.01K","-5.84%"
"14-03-2024","18,744.00","19,120.00","19,120.00","18,310.00","4.60K","-3.23%"
"13-03-2024","19,370.00","18,692.00","19,776.00","18,560.00","4.72K","3.74%"
"12-03-2024","18,672.00","19,272.00","19,700.00","18,504.00","4.06K","-2.60%"
"11-03-2024","19,170.00","18,550.00","19,170.00","18,462.00","4.53K","5.99%"
"07-03-2024","18,086.00","17,600.00","18,428.00","17,470.00","6.15K","4.03%"
"06-03-2024","17,386.00","17,198.00","17,488.00","16,910.00","2.16K","1.82%"
"05-03-2024","17,076.00","17,500.00","17,500.00","16,980.00","2.25K","-2.32%"
"04-03-2024","17,482.00","16,990.00","17,778.00","16,850.00","4.39K","3.11%"
"01-03-2024","16,954.00","17,238.00","17,452.00","16,850.00","3.40K","-1.21%"
"29-02-2024","17,162.00","16,680.00","17,334.00","16,250.00","4.79K","2.94%"
"28-02-2024","16,672.00","16,700.00","16,900.00","16,484.00","3.20K","0.41%"
"27-02-2024","16,604.00","15,806.00","16,604.00","15,806.00","5.33K","5.99%"
"26-02-2024","15,666.00","15,350.00","15,898.00","15,302.00","2.33K","2.38%"
"23-02-2024","15,302.00","15,314.00","15,470.00","15,190.00","1.47K","0.33%"
"22-02-2024","15,252.00","15,400.00","15,540.00","15,154.00","1.51K","-1.18%"
"21-02-2024","15,434.00","15,700.00","15,754.00","15,326.00","1.69K","-0.89%"
"20-02-2024","15,572.00","15,330.00","15,780.00","15,240.00","2.99K","1.24%"
"19-02-2024","15,382.00","15,080.00","15,440.00","14,900.00","1.85K","1.26%"
"16-02-2024","15,190.00","15,344.00","15,620.00","15,112.00","1.72K","-0.91%"
"15-02-2024","15,330.00","15,040.00","15,568.00","14,900.00","2.80K","2.40%"
"14-02-2024","14,970.00","14,940.00","15,078.00","14,750.00","1.33K","0.48%"
"13-02-2024","14,898.00","14,742.00","15,080.00","14,456.00","1.81K","1.06%"
"12-02-2024","14,742.00","15,000.00","15,168.00","14,400.00","3.12K","-2.80%"
"09-02-2024","15,166.00","15,334.00","15,498.00","15,060.00","1.82K","-1.07%"
"08-02-2024","15,330.00","15,600.00","15,680.00","15,212.00","2.31K","-1.96%"
"07-02-2024","15,636.00","15,498.00","15,730.00","15,282.00","1.71K","0.67%"
"06-02-2024","15,532.00","15,900.00","15,950.00","15,400.00","2.35K","-1.56%"
"05-02-2024","15,778.00","15,614.00","15,900.00","14,818.00","5.28K","2.23%"
"02-02-2024","15,434.00","14,668.00","15,442.00","14,632.00","4.60K","5.94%"
"01-02-2024","14,568.00","14,054.00","14,638.00","13,952.00","3.47K","3.35%"
"31-01-2024","14,096.00","15,000.00","15,040.00","13,996.00","4.63K","-4.95%"
"30-01-2024","14,830.00","14,510.00","14,940.00","14,272.00","5.82K","-1.51%"
"29-01-2024","15,058.00","16,010.00","16,250.00","15,058.00","4.27K","-5.99%"
"25-01-2024","16,018.00","15,730.00","16,298.00","15,500.00","5.15K","1.33%"
"24-01-2024","15,808.00","15,966.00","16,170.00","15,630.00","6.34K","1.35%"
"23-01-2024","15,598.00","15,016.00","15,598.00","14,916.00","4.51K","5.99%"
"19-01-2024","14,716.00","13,890.00","14,716.00","13,850.00","5.43K","5.99%"
"18-01-2024","13,884.00","13,688.00","13,950.00","13,642.00","1.87K","1.21%"
"17-01-2024","13,718.00","13,940.00","14,036.00","13,552.00","2.20K","-1.28%"
"16-01-2024","13,896.00","13,660.00","13,978.00","13,600.00","2.34K","1.92%"
"15-01-2024","13,634.00","13,006.00","13,698.00","12,872.00","3.39K","5.38%"
"12-01-2024","12,938.00","13,050.00","13,088.00","12,650.00","1.49K","-0.90%"
"11-01-2024","13,056.00","13,284.00","13,300.00","12,966.00","1.29K","-1.08%"
"10-01-2024","13,198.00","13,346.00","13,346.00","13,110.00","1.14K","-1.08%"
"09-01-2024","13,342.00","13,010.00","13,448.00","12,840.00","2.72K","2.79%"
"08-01-2024","12,980.00","13,410.00","13,410.00","12,898.00","2.73K","-3.38%"
"05-01-2024","13,434.00","13,820.00","13,820.00","13,376.00","2.35K","-2.76%"
"04-01-2024","13,816.00","13,798.00","13,900.00","13,682.00","1.03K","0.45%"
"03-01-2024","13,754.00","14,090.00","14,090.00","13,632.00","2.52K","-2.55%"
"02-01-2024","14,114.00","14,144.00","14,186.00","13,900.00","1.22K","0.13%"
"01-01-2024","14,096.00","14,240.00","14,260.00","14,030.00","0.72K","-0.14%"
"29-12-2023","14,116.00","14,180.00","14,298.00","13,936.00","1.12K","-0.58%"
"28-12-2023","14,198.00","14,140.00","14,280.00","14,130.00","0.59K","0.41%"
"27-12-2023","14,140.00","14,222.00","14,312.00","14,002.00","0.93K","-0.98%"
"26-12-2023","14,280.00","14,250.00","14,488.00","14,130.00","1.38K","0.46%"
"22-12-2023","14,214.00","13,890.00","14,348.00","13,890.00","1.85K","1.78%"
"21-12-2023","13,966.00","14,026.00","14,150.00","13,866.00","1.35K","12.70%"
"20-12-2023","12,392.00","12,500.00","12,500.00","11,800.00","0.67K","1.04%"
"19-12-2023","12,264.00","12,348.00","12,348.00","12,200.00","0.13K","-2.04%"
"18-12-2023","12,520.00","12,702.00","12,702.00","12,334.00","0.55K","-3.48%"
"15-12-2023","12,972.00","12,816.00","13,100.00","12,720.00","0.69K","0.32%"
"14-12-2023","12,930.00","13,400.00","13,770.00","12,806.00","6.33K","-0.52%"
"13-12-2023","12,998.00","12,430.00","12,998.00","12,272.00","4.87K","5.98%"
"12-12-2023","12,264.00","12,290.00","12,424.00","12,186.00","1.53K","-0.57%"
"11-12-2023","12,334.00","12,510.00","12,650.00","12,310.00","2.42K","-1.75%"
"08-12-2023","12,554.00","12,550.00","12,750.00","12,502.00","2.66K","-0.46%"
"07-12-2023","12,612.00","12,624.00","12,784.00","12,550.00","2.26K","-1.75%"
"06-12-2023","12,836.00","12,750.00","12,928.00","12,720.00","1.50K","1.58%"
"05-12-2023","12,636.00","12,342.00","12,750.00","12,150.00","2.86K","2.17%"
"04-12-2023","12,368.00","12,820.00","12,858.00","12,294.00","2.98K","-1.76%"
"01-12-2023","12,590.00","12,846.00","12,940.00","12,516.00","1.29K","-1.61%"
"30-11-2023","12,796.00","12,990.00","12,992.00","12,590.00","1.50K","-0.88%"
"29-11-2023","12,910.00","13,158.00","13,346.00","12,810.00","2.55K","-2.45%"
"28-11-2023","13,234.00","13,046.00","13,526.00","12,900.00","3.47K","2.89%"
"24-11-2023","12,862.00","12,580.00","12,924.00","12,424.00","3.14K","3.49%"
"23-11-2023","12,428.00","12,284.00","12,580.00","12,114.00","2.03K","0.73%"
"22-11-2023","12,338.00","12,314.00","12,680.00","12,010.00","2.54K","0.00%"
"21-11-2023","12,338.00","12,450.00","12,840.00","12,102.00","3.59K","-1.26%"
"20-11-2023","12,496.00","12,590.00","12,800.00","12,360.00","2.38K","-1.59%"
"17-11-2023","12,698.00","13,360.00","13,420.00","12,616.00","4.79K","-5.38%"
"16-11-2023","13,420.00","13,430.00","13,486.00","13,244.00","0.91K","-0.77%"
"15-11-2023","13,524.00","13,658.00","13,800.00","13,404.00","1.23K","-0.03%"
"13-11-2023","13,528.00","13,598.00","13,658.00","13,488.00","0.79K","-0.04%"
"12-11-2023","13,534.00","13,598.00","13,650.00","13,530.00","0.33K","0.18%"
"10-11-2023","13,510.00","13,560.00","13,720.00","13,414.00","1.31K","0.03%"
"09-11-2023","13,506.00","13,424.00","13,550.00","13,232.00","1.48K","0.21%"
"08-11-2023","13,478.00","13,722.00","13,726.00","13,406.00","1.93K","-1.71%"
"07-11-2023","13,712.00","13,906.00","13,960.00","13,654.00","1.09K","-1.71%"
"06-11-2023","13,950.00","13,990.00","14,298.00","13,622.00","4.50K","0.75%"
"03-11-2023","13,846.00","13,510.00","13,988.00","13,510.00","1.70K","1.66%"
"02-11-2023","13,620.00","14,140.00","14,140.00","13,528.00","2.71K","-2.95%"
"01-11-2023","14,034.00","13,682.00","14,132.00","13,470.00","4.26K","4.54%"
"31-10-2023","13,424.00","13,700.00","13,720.00","13,300.00","1.50K","-2.07%"
"30-10-2023","13,708.00","13,570.00","13,908.00","13,370.00","3.14K","1.33%"
"27-10-2023","13,528.00","13,190.00","13,800.00","12,950.00","4.65K","3.33%"
"26-10-2023","13,092.00","13,270.00","13,432.00","12,960.00","2.89K","-0.91%"
"25-10-2023","13,212.00","13,590.00","13,590.00","12,854.00","2.95K","0.32%"
"23-10-2023","13,170.00","13,890.00","13,890.00","12,970.00","3.46K","-0.35%"
"20-10-2023","13,216.00","13,808.00","13,808.00","13,808.00","0.01K","0.00%"
"19-10-2023","13,216.00","13,302.00","13,302.00","12,960.00","0.06K","-3.48%"
"18-10-2023","13,692.00","13,612.00","13,800.00","13,600.00","0.06K","4.60%"
"17-10-2023","13,090.00","12,972.00","13,208.00","12,972.00","0.02K","3.07%"
"16-10-2023","12,700.00","12,358.00","13,066.00","12,104.00","2.82K","-1.34%"
"13-10-2023","12,872.00","12,780.00","13,100.00","12,722.00","1.81K","-0.63%"
"12-10-2023","12,954.00","12,988.00","13,192.00","12,550.00","1.41K","0.26%"
"11-10-2023","12,920.00","12,920.00","13,270.00","12,800.00","2.47K","-2.97%"
"10-10-2023","13,316.00","13,560.00","14,120.00","13,004.00","3.95K","-3.17%"
"09-10-2023","13,752.00","14,010.00","14,344.00","13,628.00","3.54K","-4.66%"
"06-10-2023","14,424.00","14,614.00","15,114.00","14,066.00","4.62K","-0.76%"
"05-10-2023","14,534.00","14,276.00","14,600.00","14,132.00","5.44K","2.48%"
"04-10-2023","14,182.00","13,998.00","14,462.00","13,756.00","4.28K","1.98%"
"03-10-2023","13,906.00","14,198.00","14,198.00","13,528.00","4.55K","-0.83%"
"29-09-2023","14,022.00","13,700.00","14,178.00","13,472.00","3.87K","4.83%"
"28-09-2023","13,376.00","13,290.00","13,500.00","12,772.00","3.60K","2.26%"
"27-09-2023","13,080.00","13,560.00","13,736.00","12,922.00","3.89K","-4.39%"
"26-09-2023","13,680.00","14,008.00","14,084.00","13,560.00","2.82K","-2.83%"
"25-09-2023","14,078.00","14,350.00","14,474.00","13,984.00","1.93K","-2.09%"
"22-09-2023","14,378.00","14,364.00","14,620.00","14,040.00","1.72K","-0.39%"
"21-09-2023","14,434.00","14,992.00","14,992.00","14,158.00","3.42K","-3.63%"
"20-09-2023","14,978.00","15,524.00","15,700.00","14,686.00","5.25K","-4.12%"
"18-09-2023","15,622.00","15,680.00","15,800.00","15,138.00","4.17K","0.21%"
"15-09-2023","15,590.00","15,100.00","15,718.00","15,100.00","7.60K","5.12%"
"14-09-2023","14,830.00","13,958.00","14,830.00","13,776.00","5.45K","5.99%"
"13-09-2023","13,992.00","13,750.00","14,098.00","13,750.00","2.79K","2.24%"
"12-09-2023","13,686.00","13,970.00","14,264.00","13,556.00","4.12K","-3.07%"
"11-09-2023","14,120.00","14,848.00","14,848.00","14,030.00","4.38K","-4.65%"
"08-09-2023","14,808.00","14,762.00","14,940.00","14,570.00","2.28K","0.71%"
"07-09-2023","14,704.00","15,010.00","15,090.00","14,534.00","5.60K","-2.69%"
"06-09-2023","15,110.00","15,190.00","15,300.00","14,880.00","1.69K","0.41%"
"05-09-2023","15,048.00","15,200.00","15,300.00","14,940.00","1.98K","-0.92%"
"04-09-2023","15,188.00","15,140.00","15,350.00","14,666.00","3.53K","0.49%"
"01-09-2023","15,114.00","15,100.00","15,578.00","14,830.00","5.09K","0.19%"
"31-08-2023","15,086.00","14,626.00","15,284.00","14,432.00","5.14K","4.34%"
"30-08-2023","14,458.00","14,100.00","14,632.00","13,810.00","5.43K","1.16%"
"29-08-2023","14,292.00","14,910.00","15,020.00","14,292.00","7.22K","-6.00%"
"28-08-2023","15,204.00","16,154.00","16,550.00","15,204.00","6.65K","-6.00%"
"25-08-2023","16,174.00","16,140.00","16,528.00","15,964.00","3.09K","0.58%"
"24-08-2023","16,080.00","16,288.00","16,392.00","16,002.00","3.11K","-0.56%"
"23-08-2023","16,170.00","16,290.00","16,380.00","15,552.00","5.54K","0.04%"
"22-08-2023","16,164.00","15,972.00","16,560.00","15,972.00","5.54K","1.04%"
"21-08-2023","15,998.00","16,390.00","16,720.00","15,880.00","5.34K","8.09%"
"18-08-2023","14,800.00","14,800.00","14,800.00","14,800.00","0.01K","0.86%"
"17-08-2023","14,674.00","14,800.00","14,800.00","14,562.00","0.06K","-0.96%"
"16-08-2023","14,816.00","14,980.00","14,990.00","13,988.00","0.14K","2.77%"
"14-08-2023","14,416.00","14,416.00","14,416.00","14,416.00","","-1.92%"
"11-08-2023","14,698.00","15,002.00","15,464.00","14,364.00","2.42K","-3.06%"
"10-08-2023","15,162.00","15,302.00","15,540.00","15,002.00","2.14K","-1.84%"
"09-08-2023","15,446.00","16,200.00","16,298.00","15,314.00","5.23K","-3.58%"
"08-08-2023","16,020.00","15,584.00","16,280.00","14,984.00","6.07K","4.26%"
"07-08-2023","15,366.00","15,580.00","15,580.00","14,516.00","5.07K","1.63%"
"04-08-2023","15,120.00","15,700.00","16,668.00","14,984.00","10.34K","-5.14%"
"03-08-2023","15,940.00","15,700.00","16,054.00","15,200.00","7.04K","2.48%"
"02-08-2023","15,554.00","15,166.00","15,790.00","14,888.00","8.10K","3.03%"
"01-08-2023","15,096.00","15,540.00","15,754.00","14,700.00","7.22K","-1.27%"
"31-07-2023","15,290.00","15,362.00","15,550.00","14,814.00","10.49K","3.51%"
"28-07-2023","14,772.00","14,360.00","14,772.00","14,360.00","5.33K","6.00%"
"27-07-2023","13,936.00","14,040.00","14,140.00","13,522.00","7.35K","-0.10%"
"26-07-2023","13,950.00","13,760.00","14,248.00","13,720.00","11.62K","2.69%"
"25-07-2023","13,584.00","12,800.00","13,584.00","12,760.00","9.58K","5.99%"
"24-07-2023","12,816.00","13,080.00","13,398.00","12,730.00","11.11K","-2.76%"
"21-07-2023","13,180.00","13,406.00","13,668.00","13,000.00","10.69K","0.21%"
"20-07-2023","13,152.00","12,860.00","13,532.00","12,766.00","14.35K","2.65%"
"19-07-2023","12,812.00","12,350.00","12,876.00","12,060.00","15.16K","5.45%"
"18-07-2023","12,150.00","12,062.00","12,380.00","11,722.00","12.46K","-0.48%"
"17-07-2023","12,208.00","12,314.00","12,514.00","11,900.00","16.18K","3.09%"
"14-07-2023","11,842.00","11,300.00","11,972.00","11,230.00","12.52K","4.83%"
"13-07-2023","11,296.00","10,846.00","11,506.00","10,720.00","9.76K","2.75%"
"12-07-2023","10,994.00","11,180.00","11,180.00","10,666.00","8.37K","1.08%"
"11-07-2023","10,876.00","10,400.00","10,944.00","10,400.00","12.11K","5.33%"
"10-07-2023","10,326.00","9,946.00","10,326.00","9,946.00","5.81K","5.99%"
"07-07-2023","9,742.00","9,534.00","9,798.00","9,460.00","6.09K","1.73%"
"06-07-2023","9,576.00","10,000.00","10,124.00","9,540.00","9.64K","-3.62%"
"05-07-2023","9,936.00","9,850.00","9,980.00","9,520.00","9.48K","0.69%"
"04-07-2023","9,868.00","9,852.00","10,050.00","9,720.00","8.35K","-1.38%"
"03-07-2023","10,006.00","10,050.00","10,376.00","9,850.00","7.90K","1.50%"
"30-06-2023","9,858.00","9,600.00","10,048.00","9,600.00","8.46K","3.57%"
"28-06-2023","9,518.00","9,300.00","9,838.00","9,300.00","8.57K","2.45%"
"27-06-2023","9,290.00","9,180.00","9,420.00","9,152.00","3.97K","1.07%"
"26-06-2023","9,192.00","9,300.00","9,450.00","9,108.00","6.61K","-1.33%"
"23-06-2023","9,316.00","9,402.00","9,512.00","9,110.00","6.77K","-1.15%"
"22-06-2023","9,424.00","9,600.00","9,718.00","9,304.00","5.91K","-1.30%"
"21-06-2023","9,548.00","8,960.00","9,560.00","8,800.00","8.36K","8.35%"
"20-06-2023","8,812.00","8,900.00","9,100.00","8,700.00","0.29K","-1.94%"
"19-06-2023","8,986.00","8,882.00","9,054.00","8,882.00","0.69K","5.20%"
"16-06-2023","8,542.00","8,400.00","8,600.00","8,290.00","0.32K","0.02%"
"15-06-2023","8,540.00","8,450.00","8,550.00","8,398.00","0.37K","5.02%"
"14-06-2023","8,132.00","7,722.00","8,132.00","7,720.00","2.16K","6.00%"
"13-06-2023","7,672.00","7,560.00","7,724.00","7,560.00","2.22K","1.54%"
"12-06-2023","7,556.00","7,600.00","7,600.00","7,512.00","2.51K","-0.92%"
"09-06-2023","7,626.00","7,556.00","7,738.00","7,554.00","3.39K","0.00%"
"08-06-2023","7,626.00","7,652.00","7,786.00","7,564.00","1.85K","-0.78%"
"07-06-2023","7,686.00","7,466.00","7,720.00","7,450.00","4.39K","2.84%"
"06-06-2023","7,474.00","7,512.00","7,524.00","7,440.00","2.71K","-0.64%"
"05-06-2023","7,522.00","7,530.00","7,614.00","7,496.00","2.32K","-0.21%"
"02-06-2023","7,538.00","7,604.00","7,692.00","7,516.00","4.47K","-2.63%"
"01-06-2023","7,742.00","7,980.00","7,980.00","7,656.00","2.77K","-2.91%"
"31-05-2023","7,974.00","7,882.00","7,996.00","7,832.00","2.01K","0.66%"
"30-05-2023","7,922.00","8,080.00","8,090.00","7,826.00","2.19K","-1.39%"
"29-05-2023","8,034.00","8,050.00","8,140.00","7,990.00","2.39K","-0.20%"
"26-05-2023","8,050.00","8,190.00","8,220.00","8,000.00","3.75K","-1.20%"
"25-05-2023","8,148.00","8,230.00","8,270.00","8,032.00","3.64K","-0.51%"
"24-05-2023","8,190.00","7,884.00","8,230.00","7,858.00","6.88K","4.38%"
"23-05-2023","7,846.00","7,896.00","7,896.00","7,626.00","4.94K","-1.03%"
"22-05-2023","7,928.00","8,180.00","8,180.00","7,770.00","5.65K","-3.58%"
"19-05-2023","8,222.00","8,190.00","8,382.00","8,110.00","5.31K","1.61%"
"18-05-2023","8,092.00","8,056.00","8,100.00","8,056.00","0.29K","-3.55%"
"17-05-2023","8,390.00","8,366.00","8,400.00","8,364.00","0.39K","0.77%"
"16-05-2023","8,326.00","8,200.00","8,350.00","8,200.00","0.24K","2.51%"
"15-05-2023","8,122.00","7,948.00","8,148.00","7,948.00","0.19K","3.65%"
"12-05-2023","7,836.00","7,480.00","7,882.00","7,400.00","2.24K","5.38%"
"11-05-2023","7,436.00","7,562.00","7,600.00","7,350.00","2.57K","-1.67%"
"10-05-2023","7,562.00","7,440.00","7,700.00","7,440.00","4.37K","2.00%"
"09-05-2023","7,414.00","7,420.00","7,550.00","7,372.00","2.31K","-0.64%"
"08-05-2023","7,462.00","7,402.00","7,556.00","7,338.00","3.17K","0.43%"
"05-05-2023","7,430.00","7,498.00","7,590.00","7,346.00","5.03K","0.03%"
"04-05-2023","7,428.00","7,188.00","7,478.00","7,188.00","3.70K","2.97%"
"03-05-2023","7,214.00","7,148.00","7,470.00","7,040.00","8.89K","1.26%"
"02-05-2023","7,124.00","6,730.00","7,130.00","6,730.00","6.28K","5.89%"
"28-04-2023","6,728.00","6,650.00","6,792.00","6,640.00","2.08K","0.87%"
"27-04-2023","6,670.00","6,730.00","6,744.00","6,640.00","1.44K","-1.01%"
"26-04-2023","6,738.00","6,510.00","6,798.00","6,452.00","4.03K","3.00%"
"25-04-2023","6,542.00","6,510.00","6,586.00","6,510.00","1.56K","-0.85%"
"24-04-2023","6,598.00","6,690.00","6,714.00","6,574.00","2.30K","-1.70%"
"21-04-2023","6,712.00","6,762.00","6,788.00","6,600.00","3.18K","0.24%"
"20-04-2023","6,696.00","6,670.00","6,722.00","6,658.00","0.64K","-0.06%"
"19-04-2023","6,700.00","6,786.00","6,816.00","6,650.00","2.06K","-0.86%"
"18-04-2023","6,758.00","6,760.00","6,760.00","6,740.00","0.23K","-0.32%"
"17-04-2023","6,780.00","6,874.00","6,874.00","6,768.00","0.62K","-0.44%"
"13-04-2023","6,810.00","6,758.00","6,838.00","6,750.00","0.71K","1.01%"
"12-04-2023","6,742.00","6,766.00","6,778.00","6,722.00","0.72K","0.42%"
"11-04-2023","6,714.00","6,768.00","6,798.00","6,680.00","5.74K","-0.97%"
"10-04-2023","6,780.00","6,950.00","7,110.00","6,752.00","4.59K","-2.14%"
"06-04-2023","6,928.00","6,952.00","6,990.00","6,904.00","2.43K","-0.06%"
"05-04-2023","6,932.00","6,898.00","6,968.00","6,890.00","1.63K","0.70%"
"03-04-2023","6,884.00","6,878.00","6,928.00","6,834.00","1.04K","0.41%"
"31-03-2023","6,856.00","6,830.00","6,900.00","6,806.00","1.28K","0.44%"
"29-03-2023","6,826.00","6,918.00","6,918.00","6,804.00","1.83K","-1.04%"
"28-03-2023","6,898.00","6,860.00","6,920.00","6,822.00","1.23K","0.64%"
"27-03-2023","6,854.00","6,906.00","7,012.00","6,822.00","1.97K","-0.61%"
"24-03-2023","6,896.00","7,026.00","7,162.00","6,880.00","3.45K","-1.51%"
"23-03-2023","7,002.00","6,920.00","7,038.00","6,920.00","1.38K","1.07%"
"22-03-2023","6,928.00","6,850.00","7,048.00","6,836.00","2.52K","0.67%"
"21-03-2023","6,882.00","6,800.00","6,888.00","6,774.00","1.29K","1.30%"
"20-03-2023","6,794.00","6,740.00","6,832.00","6,730.00","1.22K","1.16%"
"17-03-2023","6,716.00","6,760.00","6,780.00","6,668.00","1.05K","-0.27%"
"16-03-2023","6,734.00","6,776.00","6,776.00","6,670.00","0.94K","-0.62%"
"15-03-2023","6,776.00","6,818.00","6,818.00","6,700.00","1.16K","-0.15%"
"14-03-2023","6,786.00","6,770.00","6,822.00","6,738.00","1.23K","0.21%"
"13-03-2023","6,772.00","6,900.00","6,900.00","6,730.00","2.42K","-2.05%"
"10-03-2023","6,914.00","6,900.00","7,036.00","6,894.00","1.85K","0.12%"
"09-03-2023","6,906.00","6,886.00","6,922.00","6,850.00","0.91K","-0.17%"
"08-03-2023","6,918.00","6,900.00","6,928.00","6,840.00","1.08K","0.12%"
"06-03-2023","6,910.00","6,950.00","6,986.00","6,884.00","0.92K","-0.86%"
"03-03-2023","6,970.00","7,072.00","7,072.00","6,876.00","1.85K","-1.02%"
"02-03-2023","7,042.00","7,130.00","7,154.00","7,026.00","0.76K","-1.18%"
"01-03-2023","7,126.00","7,188.00","7,244.00","7,082.00","1.69K","-0.64%"
"28-02-2023","7,172.00","7,054.00","7,188.00","7,054.00","1.89K","1.82%"
"27-02-2023","7,044.00","7,082.00","7,090.00","7,002.00","1.01K","-0.65%"
"24-02-2023","7,090.00","7,206.00","7,280.00","7,050.00","2.06K","-1.58%"
"23-02-2023","7,204.00","7,040.00","7,238.00","6,966.00","2.66K","2.33%"
"22-02-2023","7,040.00","7,108.00","7,126.00","6,960.00","1.72K","-0.79%"
"21-02-2023","7,096.00","7,128.00","7,200.00","7,022.00","2.38K","0.57%"
"20-02-2023","7,056.00","6,864.00","7,092.00","6,800.00","1.73K","1.55%"
"17-02-2023","6,948.00","6,920.00","6,992.00","6,880.00","0.68K","0.09%"
"16-02-2023","6,942.00","7,076.00","7,098.00","6,900.00","1.53K","-1.56%"
"15-02-2023","7,052.00","6,900.00","7,056.00","6,842.00","1.81K","2.35%"
"14-02-2023","6,890.00","6,908.00","6,966.00","6,830.00","1.66K","-0.58%"
"13-02-2023","6,930.00","6,922.00","7,050.00","6,880.00","0.67K","-0.43%"
"10-02-2023","6,960.00","7,000.00","7,050.00","6,904.00","1.10K","-0.71%"
"09-02-2023","7,010.00","7,150.00","7,150.00","6,934.00","1.47K","-0.99%"
"08-02-2023","7,080.00","7,250.00","7,290.00","7,002.00","2.49K","-2.69%"
"07-02-2023","7,276.00","7,282.00","7,438.00","7,250.00","2.90K","-0.33%"
"06-02-2023","7,300.00","7,390.00","7,390.00","7,284.00","1.16K","-1.14%"
"03-02-2023","7,384.00","7,280.00","7,440.00","7,280.00","1.29K","0.87%"
"02-02-2023","7,320.00","7,336.00","7,344.00","7,238.00","0.78K","-0.25%"
"01-02-2023","7,338.00","7,350.00","7,440.00","7,260.00","1.94K","-0.08%"
"31-01-2023","7,344.00","7,310.00","7,366.00","7,180.00","2.10K","1.16%"
"30-01-2023","7,260.00","7,412.00","7,412.00","7,218.00","2.37K","-1.73%"
"27-01-2023","7,388.00","7,772.00","7,790.00","7,304.00","3.93K","-4.60%"
"25-01-2023","7,744.00","7,888.00","7,888.00","7,716.00","2.11K","-1.65%"
"24-01-2023","7,874.00","7,870.00","7,946.00","7,830.00","0.76K","-0.13%"
"23-01-2023","7,884.00","7,998.00","8,036.00","7,840.00","1.21K","-1.79%"
"20-01-2023","8,028.00","8,056.00","8,120.00","7,960.00","1.46K","-0.57%"
"19-01-2023","8,074.00","8,166.00","8,190.00","8,000.00","2.23K","-0.84%"
"18-01-2023","8,142.00","7,936.00","8,152.00","7,902.00","3.56K","2.85%"
"17-01-2023","7,916.00","7,790.00","7,938.00","7,780.00","1.57K","1.83%"
"16-01-2023","7,774.00","7,750.00","7,810.00","7,704.00","0.96K","0.47%"
"13-01-2023","7,738.00","7,850.00","7,878.00","7,712.00","1.45K","-1.15%"
"12-01-2023","7,828.00","7,868.00","7,868.00","7,798.00","0.75K","0.10%"
"11-01-2023","7,820.00","7,836.00","7,884.00","7,810.00","0.47K","-0.18%"
"10-01-2023","7,834.00","7,942.00","7,942.00","7,806.00","1.03K","-1.63%"
"09-01-2023","7,964.00","7,856.00","7,978.00","7,840.00","1.87K","1.74%"
"06-01-2023","7,828.00","7,950.00","7,950.00","7,672.00","2.07K","0.41%"
"05-01-2023","7,796.00","7,960.00","7,960.00","7,762.00","2.11K","-2.04%"
"04-01-2023","7,958.00","7,832.00","7,980.00","7,816.00","2.98K","0.56%"
"03-01-2023","7,914.00","8,200.00","8,240.00","7,852.00","4.38K","-4.05%"
"02-01-2023","8,248.00","8,260.00","8,266.00","8,200.00","1.51K","-0.34%"
"30-12-2022","8,276.00","8,298.00","8,348.00","8,250.00","1.86K","-0.14%"
"29-12-2022","8,288.00","8,330.00","8,330.00","8,210.00","1.30K","-0.24%"
"28-12-2022","8,308.00","8,312.00","8,370.00","8,260.00","1.11K","-0.50%"
"27-12-2022","8,350.00","8,490.00","8,522.00","8,290.00","1.58K","-0.62%"
"26-12-2022","8,402.00","8,440.00","8,470.00","8,262.00","1.99K","-0.73%"
"23-12-2022","8,464.00","8,660.00","8,688.00","8,430.00","2.05K","-1.51%"
"22-12-2022","8,594.00","8,710.00","8,720.00","8,548.00","1.00K","-0.58%"
"21-12-2022","8,644.00","8,644.00","8,730.00","8,502.00","1.95K","12.49%"
"20-12-2022","7,684.00","7,700.00","7,700.00","7,650.00","0.26K","3.45%"
"19-12-2022","7,428.00","7,428.00","7,428.00","7,428.00","","-1.56%"
"16-12-2022","7,546.00","7,546.00","7,546.00","7,546.00","0.01K","1.13%"
"15-12-2022","7,462.00","7,398.00","7,550.00","7,398.00","0.36K","2.78%"
"14-12-2022","7,260.00","7,106.00","7,300.00","7,104.00","1.91K","0.44%"
"13-12-2022","7,228.00","7,198.00","7,344.00","7,092.00","2.12K","0.98%"
"12-12-2022","7,158.00","6,914.00","7,200.00","6,800.00","2.08K","1.59%"
"09-12-2022","7,046.00","7,124.00","7,154.00","7,000.00","2.41K","-0.84%"
"08-12-2022","7,106.00","7,048.00","7,166.00","6,970.00","3.99K","1.25%"
"07-12-2022","7,018.00","7,062.00","7,090.00","7,000.00","2.37K","-1.02%"
"06-12-2022","7,090.00","7,150.00","7,152.00","7,080.00","1.04K","-0.89%"
"05-12-2022","7,154.00","7,240.00","7,240.00","7,140.00","2.04K","-0.22%"
"02-12-2022","7,170.00","7,150.00","7,218.00","7,150.00","1.25K","0.14%"
"01-12-2022","7,160.00","7,160.00","7,246.00","7,104.00","1.08K","-0.31%"
"30-11-2022","7,182.00","7,320.00","7,320.00","7,160.00","1.53K","-1.21%"
"29-11-2022","7,270.00","7,078.00","7,288.00","7,078.00","1.51K","2.08%"
"28-11-2022","7,122.00","7,200.00","7,236.00","7,050.00","1.50K","-0.48%"
"25-11-2022","7,156.00","7,466.00","7,466.00","7,064.00","2.86K","-2.75%"
"24-11-2022","7,358.00","7,328.00","7,394.00","7,250.00","1.02K","1.07%"
"23-11-2022","7,280.00","7,190.00","7,300.00","7,190.00","1.74K","0.66%"
"22-11-2022","7,232.00","7,470.00","7,488.00","7,180.00","3.89K","-3.29%"
"21-11-2022","7,478.00","7,550.00","7,550.00","7,428.00","1.47K","-1.06%"
"18-11-2022","7,558.00","7,560.00","7,600.00","7,460.00","0.59K","-1.02%"
"17-11-2022","7,636.00","7,636.00","7,636.00","7,636.00","0.03K","0.00%"
"16-11-2022","7,636.00","7,614.00","7,640.00","7,566.00","0.76K","1.49%"
"15-11-2022","7,524.00","7,580.00","7,580.00","7,412.00","0.02K","-1.29%"
"14-11-2022","7,622.00","7,604.00","7,768.00","7,366.00","2.52K","1.41%"
"11-11-2022","7,516.00","7,394.00","7,570.00","7,394.00","1.79K","1.71%"
"10-11-2022","7,390.00","7,460.00","7,480.00","7,356.00","1.89K","-0.67%"
"09-11-2022","7,440.00","7,330.00","7,478.00","7,302.00","2.52K","1.31%"
"07-11-2022","7,344.00","7,368.00","7,420.00","7,320.00","2.49K","0.60%"
"04-11-2022","7,300.00","7,274.00","7,340.00","7,150.00","4.58K","0.77%"
"03-11-2022","7,244.00","7,300.00","7,318.00","7,224.00","1.21K","-0.49%"
"02-11-2022","7,280.00","7,146.00","7,414.00","7,146.00","3.55K","0.89%"
"01-11-2022","7,216.00","7,228.00","7,302.00","7,132.00","2.39K","-0.55%"
"31-10-2022","7,256.00","7,446.00","7,492.00","7,220.00","3.31K","-2.53%"
"28-10-2022","7,444.00","7,380.00","7,510.00","7,322.00","2.15K","-0.24%"
"27-10-2022","7,462.00","7,646.00","7,848.00","7,434.00","3.45K","-1.45%"
"25-10-2022","7,572.00","7,718.00","7,718.00","7,472.00","1.45K","-1.66%"
"24-10-2022","7,700.00","7,670.00","7,708.00","7,640.00","0.58K","0.81%"
"21-10-2022","7,638.00","7,422.00","7,690.00","7,422.00","2.08K","6.94%"
"20-10-2022","7,142.00","7,544.00","7,544.00","7,544.00","0.04K","0.00%"
"19-10-2022","7,142.00","7,166.00","7,166.00","7,120.00","0.03K","3.63%"
"18-10-2022","6,892.00","6,900.00","6,900.00","6,870.00","0.25K","-3.66%"
"17-10-2022","7,154.00","7,154.00","7,154.00","7,154.00","0.01K","3.14%"
"14-10-2022","6,936.00","7,296.00","7,444.00","6,906.00","1.47K","-5.04%"
"13-10-2022","7,304.00","7,020.00","7,410.00","6,844.00","3.39K","4.40%"
"12-10-2022","6,996.00","7,020.00","7,080.00","6,952.00","1.61K","0.03%"
"11-10-2022","6,994.00","6,884.00","7,048.00","6,860.00","2.04K","0.92%"
"10-10-2022","6,930.00","6,812.00","6,974.00","6,812.00","2.90K","0.46%"
"07-10-2022","6,898.00","7,098.00","7,104.00","6,852.00","4.10K","-2.63%"
"06-10-2022","7,084.00","7,100.00","7,200.00","7,060.00","2.46K","0.08%"
"04-10-2022","7,078.00","6,974.00","7,182.00","6,950.00","3.65K","1.78%"
"03-10-2022","6,954.00","6,870.00","7,012.00","6,812.00","2.62K","1.58%"
"30-09-2022","6,846.00","6,784.00","6,866.00","6,770.00","1.29K","0.35%"
"29-09-2022","6,822.00","6,740.00","6,858.00","6,688.00","1.54K","0.09%"
"28-09-2022","6,816.00","6,860.00","6,866.00","6,784.00","0.82K","-0.23%"
"27-09-2022","6,832.00","6,810.00","6,880.00","6,800.00","0.69K","0.29%"
"26-09-2022","6,812.00","6,802.00","6,868.00","6,734.00","2.48K","-0.53%"
"23-09-2022","6,848.00","7,040.00","7,138.00","6,824.00","4.77K","-3.93%"
"22-09-2022","7,128.00","7,260.00","7,270.00","7,060.00","2.79K","-1.52%"
"21-09-2022","7,238.00","7,280.00","7,290.00","7,218.00","1.29K","-1.71%"
"20-09-2022","7,364.00","7,262.00","7,262.00","7,262.00","","3.75%"
"19-09-2022","7,098.00","7,098.00","7,098.00","7,098.00","0.07K","1.05%"
"16-09-2022","7,024.00","7,080.00","7,080.00","6,940.00","0.06K","-1.04%"
"15-09-2022","7,098.00","7,098.00","7,098.00","7,098.00","0.09K","1.98%"
"14-09-2022","6,960.00","6,806.00","7,010.00","6,740.00","2.63K","1.78%"
"13-09-2022","6,838.00","6,758.00","6,922.00","6,710.00","2.65K","1.30%"
"12-09-2022","6,750.00","6,810.00","6,844.00","6,710.00","3.94K","-1.66%"
"09-09-2022","6,864.00","7,004.00","7,040.00","6,834.00","3.68K","-2.42%"
"08-09-2022","7,034.00","7,124.00","7,148.00","7,020.00","5.87K","-0.85%"
"07-09-2022","7,094.00","7,088.00","7,120.00","7,064.00","0.64K","-0.20%"
"06-09-2022","7,108.00","7,050.00","7,160.00","7,018.00","2.54K","0.65%"
"05-09-2022","7,062.00","7,100.00","7,100.00","6,970.00","1.31K","-0.90%"
"02-09-2022","7,126.00","7,154.00","7,164.00","7,086.00","1.22K","-0.34%"
"01-09-2022","7,150.00","7,000.00","7,170.00","6,940.00","2.41K","1.39%"
"30-08-2022","7,052.00","7,190.00","7,190.00","6,988.00","3.13K","-1.45%"
"29-08-2022","7,156.00","7,240.00","7,272.00","7,140.00","2.20K","-1.27%"
"26-08-2022","7,248.00","7,232.00","7,268.00","7,192.00","1.40K","0.25%"
"25-08-2022","7,230.00","7,182.00","7,320.00","7,182.00","2.06K","0.17%"
"24-08-2022","7,218.00","7,210.00","7,248.00","7,120.00","1.88K","0.45%"
"23-08-2022","7,186.00","7,182.00","7,224.00","7,138.00","1.56K","-0.44%"
"22-08-2022","7,218.00","7,292.00","7,336.00","7,182.00","2.48K","-1.50%"
"19-08-2022","7,328.00","7,380.00","7,380.00","7,254.00","0.85K","-0.46%"
"18-08-2022","7,362.00","7,360.00","7,444.00","7,274.00","2.54K","4.81%"
"17-08-2022","7,024.00","7,050.00","7,068.00","7,000.00","0.10K","3.32%"
"16-08-2022","6,798.00","6,798.00","6,798.00","6,798.00","0.05K","0.00%"
"12-08-2022","6,798.00","6,638.00","6,958.00","6,638.00","0.02K","-1.11%"
"11-08-2022","6,874.00","6,806.00","6,986.00","6,806.00","0.17K","-2.11%"
"10-08-2022","7,022.00","7,278.00","7,338.00","6,896.00","9.25K","-4.28%"
"08-08-2022","7,336.00","7,302.00","7,430.00","7,254.00","6.67K","-0.43%"
"05-08-2022","7,368.00","7,418.00","7,438.00","7,310.00","2.92K","0.14%"
"04-08-2022","7,358.00","7,470.00","7,526.00","7,234.00","4.09K","-1.97%"
"03-08-2022","7,506.00","7,600.00","7,600.00","7,414.00","4.10K","-1.05%"
"02-08-2022","7,586.00","7,822.00","7,822.00","7,506.00","2.49K","-2.34%"
"01-08-2022","7,768.00","7,698.00","7,784.00","7,690.00","1.32K","1.01%"
"29-07-2022","7,690.00","7,732.00","7,816.00","7,660.00","1.68K","-0.85%"
"28-07-2022","7,756.00","7,812.00","7,812.00","7,716.00","0.92K","0.13%"
"27-07-2022","7,746.00","7,800.00","7,840.00","7,728.00","0.87K","-0.77%"
"26-07-2022","7,806.00","7,680.00","7,872.00","7,622.00","2.67K","1.51%"
"25-07-2022","7,690.00","7,680.00","7,704.00","7,600.00","1.66K","-0.21%"
"22-07-2022","7,706.00","7,816.00","7,880.00","7,552.00","2.90K","-1.78%"
"21-07-2022","7,846.00","7,820.00","7,870.00","7,772.00","1.06K","4.45%"
"20-07-2022","7,512.00","7,818.00","7,818.00","7,818.00","0.01K","0.00%"
"19-07-2022","7,512.00","7,352.00","7,670.00","7,352.00","0.06K","-1.68%"
"18-07-2022","7,640.00","7,640.00","7,640.00","7,640.00","0.16K","-0.42%"
"15-07-2022","7,672.00","7,734.00","7,734.00","7,656.00","0.66K","-0.65%"
"14-07-2022","7,722.00","7,796.00","7,828.00","7,700.00","2.51K","-1.15%"
"13-07-2022","7,812.00","7,912.00","7,912.00","7,790.00","3.09K","-1.34%"
"12-07-2022","7,918.00","7,762.00","7,964.00","7,730.00","3.00K","1.83%"
"11-07-2022","7,776.00","7,838.00","7,894.00","7,750.00","4.65K","0.47%"
"08-07-2022","7,740.00","7,910.00","7,948.00","7,716.00","3.25K","-1.20%"
"07-07-2022","7,834.00","7,940.00","7,980.00","7,820.00","1.17K","-1.26%"
"06-07-2022","7,934.00","8,028.00","8,038.00","7,910.00","1.25K","-1.29%"
"05-07-2022","8,038.00","8,022.00","8,286.00","7,976.00","4.77K","-0.86%"
"04-07-2022","8,108.00","7,904.00","8,160.00","7,850.00","3.61K","2.79%"
"01-07-2022","7,888.00","7,802.00","7,980.00","7,730.00","3.18K","0.92%"
"30-06-2022","7,816.00","7,822.00","7,886.00","7,750.00","2.04K","-0.15%"
"29-06-2022","7,828.00","7,948.00","7,948.00","7,606.00","1.21K","-0.89%"
"28-06-2022","7,898.00","7,878.00","7,946.00","7,840.00","1.31K","0.51%"
"27-06-2022","7,858.00","7,772.00","7,876.00","7,720.00","1.04K","0.95%"
"24-06-2022","7,784.00","7,870.00","7,870.00","7,760.00","0.89K","-1.02%"
"23-06-2022","7,864.00","7,864.00","7,878.00","7,784.00","0.95K","0.20%"
"22-06-2022","7,848.00","7,710.00","7,890.00","7,710.00","2.21K","1.45%"
"21-06-2022","7,736.00","7,680.00","7,818.00","7,656.00","1.58K","0.99%"
"20-06-2022","7,660.00","7,580.00","7,660.00","7,580.00","0.01K","-2.96%"
"17-06-2022","7,894.00","7,894.00","7,894.00","7,894.00","0.01K","-3.99%"
"16-06-2022","8,222.00","8,222.00","8,222.00","8,222.00","","2.96%"
"15-06-2022","7,986.00","7,990.00","7,990.00","7,980.00","0.02K","1.22%"
"14-06-2022","7,890.00","7,954.00","7,964.00","7,872.00","3.28K","-0.90%"
"13-06-2022","7,962.00","8,038.00","8,128.00","7,950.00","4.65K","-0.85%"
"10-06-2022","8,030.00","8,036.00","8,092.00","8,004.00","3.30K","-0.86%"
"09-06-2022","8,100.00","8,080.00","8,190.00","8,070.00","2.97K","0.35%"
"08-06-2022","8,072.00","8,050.00","8,090.00","8,010.00","1.87K","0.45%"
"07-06-2022","8,036.00","8,188.00","8,188.00","7,990.00","3.41K","0.50%"
"06-06-2022","7,996.00","7,906.00","8,098.00","7,906.00","1.84K","-0.10%"
"03-06-2022","8,004.00","7,930.00","8,050.00","7,930.00","1.76K","0.60%"
"02-06-2022","7,956.00","7,890.00","7,970.00","7,872.00","1.58K","0.51%"
"01-06-2022","7,916.00","7,928.00","7,982.00","7,840.00","1.61K","-0.03%"
"31-05-2022","7,918.00","8,010.00","8,048.00","7,878.00","2.20K","-1.17%"
"30-05-2022","8,012.00","8,038.00","8,068.00","7,932.00","1.47K","0.12%"
"27-05-2022","8,002.00","7,920.00","8,102.00","7,920.00","2.43K","1.06%"
"26-05-2022","7,918.00","7,900.00","7,980.00","7,830.00","2.99K","0.03%"
"25-05-2022","7,916.00","8,210.00","8,216.00","7,878.00","3.95K","-3.53%"
"24-05-2022","8,206.00","8,294.00","8,294.00","8,144.00","1.60K","-0.63%"
"23-05-2022","8,258.00","8,236.00","8,350.00","8,200.00","2.06K","2.13%"
"20-05-2022","8,086.00","8,080.00","8,090.00","8,080.00","0.01K","-2.84%"
"19-05-2022","8,322.00","8,322.00","8,322.00","8,322.00","","2.29%"
"18-05-2022","8,136.00","8,136.00","8,136.00","8,136.00","0.03K","0.00%"
"17-05-2022","8,136.00","8,172.00","8,172.00","8,104.00","0.09K","0.84%"
"16-05-2022","8,068.00","8,242.00","8,270.00","8,032.00","1.48K","-2.35%"
"13-05-2022","8,262.00","8,320.00","8,460.00","8,216.00","1.81K","-1.76%"
"12-05-2022","8,410.00","8,322.00","8,450.00","8,260.00","3.01K","0.91%"
"11-05-2022","8,334.00","8,088.00","8,352.00","8,080.00","3.22K","2.33%"
"10-05-2022","8,144.00","8,180.00","8,250.00","8,130.00","3.31K","-0.17%"
"09-05-2022","8,158.00","8,222.00","8,314.00","8,070.00","2.98K","-0.56%"
"06-05-2022","8,204.00","8,058.00","8,226.00","7,914.00","4.30K","1.18%"
"05-05-2022","8,108.00","8,200.00","8,350.00","7,894.00","6.16K","-0.83%"
"04-05-2022","8,176.00","8,306.00","8,338.00","8,144.00","3.12K","-1.30%"
"03-05-2022","8,284.00","8,284.00","8,284.00","8,284.00","","0.00%"
"02-05-2022","8,284.00","8,480.00","8,480.00","8,164.00","4.78K","-2.66%"
"29-04-2022","8,510.00","8,596.00","8,680.00","8,490.00","1.89K","-0.65%"
"28-04-2022","8,566.00","8,742.00","8,742.00","8,544.00","2.63K","-1.97%"
"27-04-2022","8,738.00","8,512.00","8,798.00","8,466.00","3.91K","2.03%"
"26-04-2022","8,564.00","8,802.00","8,874.00","8,476.00","4.96K","-2.99%"
"25-04-2022","8,828.00","8,960.00","9,088.00","8,804.00","2.58K","-1.67%"
"22-04-2022","8,978.00","9,046.00","9,140.00","8,950.00","2.82K","-0.58%"
"21-04-2022","9,030.00","8,882.00","9,120.00","8,882.00","3.85K","1.67%"
"20-04-2022","8,882.00","8,840.00","8,840.00","8,840.00","0.12K","0.00%"
"19-04-2022","8,882.00","8,900.00","8,900.00","8,808.00","0.08K","-0.72%"
"18-04-2022","8,946.00","8,998.00","9,000.00","8,816.00","0.09K","-2.55%"
"14-04-2022","9,180.00","9,180.00","9,180.00","9,180.00","","0.00%"
"13-04-2022","9,180.00","9,292.00","9,292.00","9,160.00","0.49K","-2.42%"
"12-04-2022","9,408.00","9,396.00","9,500.00","9,300.00","2.66K","0.58%"
"11-04-2022","9,354.00","9,408.00","9,454.00","9,110.00","2.24K","-0.40%"
"08-04-2022","9,392.00","9,834.00","9,834.00","9,310.00","2.45K","-3.85%"
"07-04-2022","9,768.00","9,538.00","9,950.00","9,538.00","3.80K","3.06%"
"06-04-2022","9,478.00","9,620.00","9,620.00","9,394.00","2.03K","-1.25%"
"05-04-2022","9,598.00","9,230.00","9,726.00","9,230.00","5.06K","3.69%"
"04-04-2022","9,256.00","9,260.00","9,518.00","9,006.00","4.60K","0.35%"
"01-04-2022","9,224.00","8,810.00","9,280.00","8,810.00","6.15K","5.13%"
"31-03-2022","8,774.00","8,700.00","8,888.00","8,632.00","1.91K","1.15%"
"30-03-2022","8,674.00","8,786.00","8,800.00","8,620.00","2.08K","-1.27%"
"29-03-2022","8,786.00","8,754.00","8,932.00","8,754.00","1.89K","-0.97%"
"28-03-2022","8,872.00","8,764.00","8,964.00","8,764.00","2.50K","0.64%"
"25-03-2022","8,816.00","8,820.00","8,950.00","8,740.00","4.38K","0.02%"
"24-03-2022","8,814.00","8,582.00","8,902.00","8,480.00","5.90K","2.97%"
"23-03-2022","8,560.00","8,580.00","8,604.00","8,526.00","2.58K","-0.26%"
"22-03-2022","8,582.00","8,524.00","8,600.00","8,480.00","1.74K","0.61%"
"21-03-2022","8,530.00","8,604.00","8,610.00","8,472.00","1.40K","-1.48%"
"18-03-2022","8,658.00","8,658.00","8,658.00","8,658.00","","0.00%"
"17-03-2022","8,658.00","8,600.00","8,680.00","8,514.00","1.51K","0.72%"
"16-03-2022","8,596.00","8,602.00","8,678.00","8,352.00","2.76K","0.14%"
"15-03-2022","8,584.00","8,760.00","8,838.00","8,550.00","2.08K","-2.32%"
"14-03-2022","8,788.00","8,810.00","8,946.00","8,762.00","1.73K","-0.88%"
"11-03-2022","8,866.00","8,810.00","8,964.00","8,468.00","3.20K","0.52%"
"10-03-2022","8,820.00","9,080.00","9,080.00","8,802.00","2.28K","-1.91%"
"09-03-2022","8,992.00","8,946.00","9,148.00","8,864.00","3.08K","0.76%"
"08-03-2022","8,924.00","9,154.00","9,154.00","8,640.00","4.56K","-1.76%"
"07-03-2022","9,084.00","9,152.00","9,182.00","9,000.00","3.62K","-2.93%"
"04-03-2022","9,358.00","9,500.00","9,574.00","9,318.00","2.34K","-1.70%"
"03-03-2022","9,520.00","9,440.00","9,698.00","9,400.00","4.71K","1.41%"
"02-03-2022","9,388.00","9,304.00","9,550.00","9,256.00","3.20K","0.32%"
"01-03-2022","9,358.00","9,358.00","9,358.00","9,358.00","","0.00%"
"28-02-2022","9,358.00","9,200.00","9,440.00","9,034.00","4.18K","0.71%"
"25-02-2022","9,292.00","9,490.00","9,542.00","9,170.00","5.07K","-0.41%"
"24-02-2022","9,330.00","9,802.00","9,830.00","9,286.00","6.59K","-5.55%"
"23-02-2022","9,878.00","9,982.00","10,094.00","9,864.00","2.52K","-0.76%"
"22-02-2022","9,954.00","10,000.00","10,150.00","9,864.00","4.68K","-0.52%"
"21-02-2022","10,006.00","10,208.00","10,450.00","9,900.00","6.25K","-2.07%"
"18-02-2022","10,218.00","9,818.00","10,280.00","9,770.00","6.58K","4.29%"
"17-02-2022","9,798.00","9,790.00","9,898.00","9,752.00","2.03K","0.27%"
"16-02-2022","9,772.00","9,788.00","9,876.00","9,740.00","3.07K","0.39%"
"15-02-2022","9,734.00","9,880.00","9,928.00","9,642.00","3.57K","-1.54%"
"14-02-2022","9,886.00","9,948.00","10,070.00","9,850.00","4.09K","-0.26%"
"11-02-2022","9,912.00","10,098.00","10,098.00","9,830.00","3.01K","-1.61%"
"10-02-2022","10,074.00","10,000.00","10,120.00","10,000.00","1.54K","0.78%"
"09-02-2022","9,996.00","10,148.00","10,250.00","9,970.00","2.67K","-1.23%"
"08-02-2022","10,120.00","9,926.00","10,150.00","9,776.00","3.04K","2.04%"
"07-02-2022","9,918.00","10,180.00","10,248.00","9,880.00","3.17K","-2.11%"
"04-02-2022","10,132.00","9,816.00","10,298.00","9,806.00","5.36K","3.24%"
"03-02-2022","9,814.00","9,562.00","9,864.00","9,540.00","3.11K","2.06%"
"02-02-2022","9,616.00","9,790.00","9,896.00","9,562.00","4.30K","-2.14%"
"01-02-2022","9,826.00","9,934.00","10,064.00","9,800.00","2.54K","-2.01%"
"31-01-2022","10,028.00","10,134.00","10,222.00","9,936.00","1.55K","-0.52%"
"28-01-2022","10,080.00","10,142.00","10,350.00","10,022.00","2.07K","-1.75%"
"27-01-2022","10,260.00","10,040.00","10,474.00","9,940.00","5.14K","2.83%"
"25-01-2022","9,978.00","9,820.00","10,042.00","9,700.00","3.37K","1.75%"
"24-01-2022","9,806.00","10,370.00","10,452.00","9,708.00","5.82K","-4.91%"